[{"class":"Brace","color":"#8C3BFF","dsid":1,"id":1},{"class":"LedgerLine","color":"#018700","dsid":2,"id":2},{"class":"RepeatDot","color":"#FFA52F","dsid":3,"id":3},{"class":"ClefG","color":"#0000DD","dsid":6,"id":4},{"class":"ClefF","color":"#BCB6FF","dsid":9,"id":5},{"class":"TimeSig4","color":"#9AE4FF","dsid":17,"id":6},{"class":"TimeSigCommon","color":"#708297","dsid":23,"id":7},{"class":"NoteheadBlack","color":"#8287FF","dsid":25,"id":8},{"class":"NoteheadHalf","color":"#BDE6BF","dsid":29,"id":9},{"class":"NoteheadWhole","color":"#2F5282","dsid":33,"id":10},{"class":"AugmentationDot","color":"#4D33FF","dsid":41,"id":11},{"class":"Stem","color":"#85A301","dsid":42,"id":12},{"class":"Flag8thUp","color":"#00D6D4","dsid":48,"id":13},{"class":"Flag16thUp","color":"#F9FF00","dsid":50,"id":14},{"class":"Flag32ndUp","color":"#6967AF","dsid":51,"id":15},{"class":"Flag64thUp","color":"#C39700","dsid":52,"id":16},{"class":"Flag8thDown","color":"#DA95FF","dsid":54,"id":17},{"class":"Flag16thDown","color":"#915282","dsid":56,"id":18},{"class":"Flag32ndDown","color":"#A00072","dsid":57,"id":19},{"class":"Flag64thDown","color":"#569A54","dsid":58,"id":20},{"class":"AccidentalFlat","color":"#364426","dsid":60,"id":21},{"class":"AccidentalNatural","color":"#8E8C5E","dsid":62,"id":22},{"class":"AccidentalSharp","color":"#C8FFF9","dsid":64,"id":23},{"class":"AccidentalDoubleSharp","color":"#6ECFA7","dsid":66,"id":24},{"class":"AccidentalDoubleFlat","color":"#BFFF8C","dsid":67,"id":25},{"class":"KeyFlat","color":"#8C54B1","dsid":68,"id":26},{"class":"KeyNatural","color":"#773618","dsid":69,"id":27},{"class":"KeySharp","color":"#FFA079","dsid":70,"id":28},{"class":"RestWhole","color":"#FFCD44","dsid":85,"id":29},{"class":"RestHalf","color":"#8201CF","dsid":86,"id":30},{"class":"RestQuarter","color":"#4DFDFF","dsid":87,"id":31},{"class":"Rest8th","color":"#89003D","dsid":88,"id":32},{"class":"Rest16th","color":"#7B525B","dsid":89,"id":33},{"class":"Rest32nd","color":"#00749C","dsid":90,"id":34},{"class":"Rest64th","color":"#AA8297","dsid":91,"id":35},{"class":"DynamicP","color":"#E400E2","dsid":94,"id":36},{"class":"DynamicM","color":"#B8B68A","dsid":95,"id":37},{"class":"DynamicF","color":"#382D00","dsid":96,"id":38},{"class":"Tuplet3","color":"#FF803D","dsid":113,"id":39},{"class":"Slur","color":"#C6E83D","dsid":121,"id":40},{"class":"Beam","color":"#6B05E8","dsid":122,"id":41},{"class":"Tie","color":"#75BC4F","dsid":123,"id":42},{"class":"DynamicCrescendoHairpin","color":"#856DE1","dsid":125,"id":43},{"class":"DynamicDiminuendoHairpin","color":"#C16E72","dsid":126,"id":44},{"class":"TupletBracket","color":"#4687FF","dsid":134,"id":45},{"class":"Staff","color":"#9E90AF","dsid":135,"id":46},{"class":"BarLine","color":"#00ACC6","dsid":137,"id":47},{"class":"BarLineThick","color":"#97FF00","dsid":138,"id":48}]